<?xml version="1.0" encoding="UTF-8"?>
<GenRun Id="impl_1" LaunchPart="xc7a100tcsg324-1" LaunchTime="1637617913">
  <File Type="ROUTE-PWR" Name="_main_power_routed.rpt"/>
  <File Type="PA-TCL" Name="_main.tcl"/>
  <File Type="BITSTR-BMM" Name="_main_bd.bmm"/>
  <File Type="ROUTE-PWR-SUM" Name="_main_power_summary_routed.pb"/>
  <File Type="REPORTS-TCL" Name="_main_reports.tcl"/>
  <File Type="OPT-DCP" Name="_main_opt.dcp"/>
  <File Type="OPT-DRC" Name="_main_drc_opted.rpt"/>
  <File Type="OPT-HWDEF" Name="_main.hwdef"/>
  <File Type="PWROPT-DCP" Name="_main_pwropt.dcp"/>
  <File Type="PLACE-DCP" Name="_main_placed.dcp"/>
  <File Type="PLACE-IO" Name="_main_io_placed.rpt"/>
  <File Type="PLACE-UTIL" Name="_main_utilization_placed.rpt"/>
  <File Type="PLACE-UTIL-PB" Name="_main_utilization_placed.pb"/>
  <File Type="PLACE-CTRL" Name="_main_control_sets_placed.rpt"/>
  <File Type="PLACE-PRE-SIMILARITY" Name="_main_incremental_reuse_pre_placed.rpt"/>
  <File Type="POSTPLACE-PWROPT-DCP" Name="_main_postplace_pwropt.dcp"/>
  <File Type="BG-BIN" Name="_main.bin"/>
  <File Type="PHYSOPT-DCP" Name="_main_physopt.dcp"/>
  <File Type="BITSTR-MSK" Name="_main.msk"/>
  <File Type="ROUTE-ERROR-DCP" Name="_main_routed_error.dcp"/>
  <File Type="ROUTE-DCP" Name="_main_routed.dcp"/>
  <File Type="ROUTE-BLACKBOX-DCP" Name="_main_routed_bb.dcp"/>
  <File Type="ROUTE-DRC" Name="_main_drc_routed.rpt"/>
  <File Type="ROUTE-DRC-PB" Name="_main_drc_routed.pb"/>
  <File Type="ROUTE-DRC-RPX" Name="_main_drc_routed.rpx"/>
  <File Type="BITSTR-LTX" Name="_main.ltx"/>
  <File Type="ROUTE-METHODOLOGY-DRC" Name="_main_methodology_drc_routed.rpt"/>
  <File Type="BITSTR-MMI" Name="_main.mmi"/>
  <File Type="ROUTE-METHODOLOGY-DRC-RPX" Name="_main_methodology_drc_routed.rpx"/>
  <File Type="ROUTE-METHODOLOGY-DRC-PB" Name="_main_methodology_drc_routed.pb"/>
  <File Type="BITSTR-SYSDEF" Name="_main.sysdef"/>
  <File Type="ROUTE-PWR-RPX" Name="_main_power_routed.rpx"/>
  <File Type="ROUTE-STATUS" Name="_main_route_status.rpt"/>
  <File Type="ROUTE-STATUS-PB" Name="_main_route_status.pb"/>
  <File Type="ROUTE-TIMINGSUMMARY" Name="_main_timing_summary_routed.rpt"/>
  <File Type="ROUTE-TIMING-PB" Name="_main_timing_summary_routed.pb"/>
  <File Type="ROUTE-TIMING-RPX" Name="_main_timing_summary_routed.rpx"/>
  <File Type="ROUTE-CLK" Name="_main_clock_utilization_routed.rpt"/>
  <File Type="RDI-RDI" Name="_main.vdi"/>
  <File Type="ROUTE-BUS-SKEW" Name="_main_bus_skew_routed.rpt"/>
  <File Type="ROUTE-BUS-SKEW-PB" Name="_main_bus_skew_routed.pb"/>
  <File Type="ROUTE-BUS-SKEW-RPX" Name="_main_bus_skew_routed.rpx"/>
  <File Type="POSTROUTE-PHYSOPT-DCP" Name="_main_postroute_physopt.dcp"/>
  <File Type="POSTROUTE-PHYSOPT-BLACKBOX-DCP" Name="_main_postroute_physopt_bb.dcp"/>
  <File Type="BG-BIT" Name="_main.bit"/>
  <File Type="BITSTR-RBT" Name="_main.rbt"/>
  <File Type="BITSTR-NKY" Name="_main.nky"/>
  <File Type="PDI-FILE" Name="_main.pdi"/>
  <File Type="RCFI_FILE" Name="_main.rcfi"/>
  <File Type="CFI_FILE" Name="_main.cfi"/>
  <File Type="WBT-USG" Name="usage_statistics_webtalk.html"/>
  <File Type="RNPI_FILE" Name="_main.rnpi"/>
  <File Type="NPI_FILE" Name="_main.npi"/>
  <File Type="RBD_FILE" Name="_main.rbd"/>
  <File Type="BG-BGN" Name="_main.bgn"/>
  <File Type="BG-DRC" Name="_main.drc"/>
  <FileSet Name="sources" Type="DesignSrcs" RelSrcDir="$PSRCDIR/sources_1">
    <Filter Type="Srcs"/>
    <File Path="$PSRCDIR/sources_1/new/_pwmOut.v">
      <FileInfo>
        <Attr Name="ImportPath" Val="$PPRDIR/../Final_Project_1/LowPassFilterFPGA-master/LowPassFilterFPGA-master/lpfFPGA/VivadoModel/stateMachineFirlet/stateMachineFirlet.srcs/sources_1/new/_pwmOut.v"/>
        <Attr Name="ImportTime" Val="1637365844"/>
        <Attr Name="UsedIn" Val="synthesis"/>
        <Attr Name="UsedIn" Val="implementation"/>
        <Attr Name="UsedIn" Val="simulation"/>
      </FileInfo>
    </File>
    <File Path="$PSRCDIR/sources_1/imports/new/clk_desired.v">
      <FileInfo>
        <Attr Name="ImportPath" Val="$PPRDIR/../Final_Project_1/LowPassFilterFPGA-master/LowPassFilterFPGA-master/lpfFPGA/VivadoModel/project_2/project_2.srcs/sources_1/new/clk_desired.v"/>
        <Attr Name="ImportTime" Val="1555942408"/>
        <Attr Name="UsedIn" Val="synthesis"/>
        <Attr Name="UsedIn" Val="implementation"/>
        <Attr Name="UsedIn" Val="simulation"/>
      </FileInfo>
    </File>
    <File Path="$PSRCDIR/sources_1/new/_main.v">
      <FileInfo>
        <Attr Name="ImportPath" Val="$PPRDIR/../Final_Project_1/LowPassFilterFPGA-master/LowPassFilterFPGA-master/lpfFPGA/VivadoModel/stateMachineFirlet/stateMachineFirlet.srcs/sources_1/new/_main.v"/>
        <Attr Name="ImportTime" Val="1637365844"/>
        <Attr Name="UsedIn" Val="synthesis"/>
        <Attr Name="UsedIn" Val="implementation"/>
        <Attr Name="UsedIn" Val="simulation"/>
      </FileInfo>
    </File>
    <File Path="$PSRCDIR/sources_1/ip/dft_0/dft_0.xci">
      <FileInfo>
        <Attr Name="AutoDisabled" Val="1"/>
        <Attr Name="ImportPath" Val="$PPRDIR/../Final_Project_1/LowPassFilterFPGA-master/LowPassFilterFPGA-master/lpfFPGA/VivadoModel/stateMachineFirlet/stateMachineFirlet.srcs/sources_1/ip/dft_0/dft_0.xci"/>
        <Attr Name="ImportTime" Val="1637371371"/>
        <Attr Name="UsedIn" Val="synthesis"/>
        <Attr Name="UsedIn" Val="implementation"/>
        <Attr Name="UsedIn" Val="simulation"/>
      </FileInfo>
    </File>
    <Config>
      <Option Name="DesignMode" Val="RTL"/>
      <Option Name="TopModule" Val="_main"/>
      <Option Name="TopAutoSet" Val="TRUE"/>
    </Config>
  </FileSet>
  <FileSet Name="constrs_in" Type="Constrs" RelSrcDir="$PSRCDIR/constrs_1">
    <Filter Type="Constrs"/>
    <File Path="$PSRCDIR/constrs_1/imports/new/projeConst.xdc">
      <FileInfo>
        <Attr Name="ImportPath" Val="$PPRDIR/../Final_Project_1/LowPassFilterFPGA-master/LowPassFilterFPGA-master/lpfFPGA/VivadoModel/project_2/project_2.srcs/constrs_1/imports/new/projeConst.xdc"/>
        <Attr Name="ImportTime" Val="1555962568"/>
        <Attr Name="UsedIn" Val="synthesis"/>
        <Attr Name="UsedIn" Val="implementation"/>
      </FileInfo>
    </File>
    <Config>
      <Option Name="ConstrsType" Val="XDC"/>
    </Config>
  </FileSet>
  <FileSet Name="utils" Type="Utils" RelSrcDir="$PSRCDIR/utils_1">
    <Filter Type="Utils"/>
    <Config>
      <Option Name="TopAutoSet" Val="TRUE"/>
    </Config>
  </FileSet>
  <Strategy Version="1" Minor="2">
    <StratHandle Name="Vivado Implementation Defaults" Flow="Vivado Implementation 2018"/>
    <Step Id="init_design"/>
    <Step Id="opt_design"/>
    <Step Id="power_opt_design"/>
    <Step Id="place_design"/>
    <Step Id="post_place_power_opt_design"/>
    <Step Id="phys_opt_design"/>
    <Step Id="route_design"/>
    <Step Id="post_route_phys_opt_design"/>
    <Step Id="write_bitstream"/>
    <Step Id="write_device_image"/>
  </Strategy>
  <BlockFileSet Type="BlockSrcs" Name="xadc_wiz_0"/>
  <BlockFileSet Type="BlockSrcs" Name="fir_compiler_0"/>
  <BlockFileSet Type="BlockSrcs" Name="fir_compiler_1"/>
</GenRun>
