<?xml version="1.0" encoding="UTF-8"?>
<GenRun Id="synth_1" LaunchPart="xc7a100tcsg324-1" LaunchTime="1637617856">
  <File Type="PA-TCL" Name="_main.tcl"/>
  <File Type="REPORTS-TCL" Name="_main_reports.tcl"/>
  <File Type="RDS-RDS" Name="_main.vds"/>
  <File Type="RDS-UTIL" Name="_main_utilization_synth.rpt"/>
  <File Type="RDS-UTIL-PB" Name="_main_utilization_synth.pb"/>
  <File Type="RDS-DCP" Name="_main.dcp"/>
  <FileSet Name="sources" Type="DesignSrcs" RelSrcDir="$PSRCDIR/sources_1">
    <Filter Type="Srcs"/>
    <File Path="$PSRCDIR/sources_1/new/_pwmOut.v">
      <FileInfo>
        <Attr Name="ImportPath" Val="$PPRDIR/../Final_Project_1/LowPassFilterFPGA-master/LowPassFilterFPGA-master/lpfFPGA/VivadoModel/stateMachineFirlet/stateMachineFirlet.srcs/sources_1/new/_pwmOut.v"/>
        <Attr Name="ImportTime" Val="1637365844"/>
        <Attr Name="UsedIn" Val="synthesis"/>
        <Attr Name="UsedIn" Val="implementation"/>
        <Attr Name="UsedIn" Val="simulation"/>
      </FileInfo>
    </File>
    <File Path="$PSRCDIR/sources_1/imports/new/clk_desired.v">
      <FileInfo>
        <Attr Name="ImportPath" Val="$PPRDIR/../Final_Project_1/LowPassFilterFPGA-master/LowPassFilterFPGA-master/lpfFPGA/VivadoModel/project_2/project_2.srcs/sources_1/new/clk_desired.v"/>
        <Attr Name="ImportTime" Val="1555942408"/>
        <Attr Name="UsedIn" Val="synthesis"/>
        <Attr Name="UsedIn" Val="implementation"/>
        <Attr Name="UsedIn" Val="simulation"/>
      </FileInfo>
    </File>
    <File Path="$PSRCDIR/sources_1/new/_main.v">
      <FileInfo>
        <Attr Name="ImportPath" Val="$PPRDIR/../Final_Project_1/LowPassFilterFPGA-master/LowPassFilterFPGA-master/lpfFPGA/VivadoModel/stateMachineFirlet/stateMachineFirlet.srcs/sources_1/new/_main.v"/>
        <Attr Name="ImportTime" Val="1637365844"/>
        <Attr Name="UsedIn" Val="synthesis"/>
        <Attr Name="UsedIn" Val="implementation"/>
        <Attr Name="UsedIn" Val="simulation"/>
      </FileInfo>
    </File>
    <File Path="$PSRCDIR/sources_1/ip/dft_0/dft_0.xci">
      <FileInfo>
        <Attr Name="AutoDisabled" Val="1"/>
        <Attr Name="ImportPath" Val="$PPRDIR/../Final_Project_1/LowPassFilterFPGA-master/LowPassFilterFPGA-master/lpfFPGA/VivadoModel/stateMachineFirlet/stateMachineFirlet.srcs/sources_1/ip/dft_0/dft_0.xci"/>
        <Attr Name="ImportTime" Val="1637371371"/>
        <Attr Name="UsedIn" Val="synthesis"/>
        <Attr Name="UsedIn" Val="implementation"/>
        <Attr Name="UsedIn" Val="simulation"/>
      </FileInfo>
    </File>
    <Config>
      <Option Name="DesignMode" Val="RTL"/>
      <Option Name="TopModule" Val="_main"/>
      <Option Name="TopAutoSet" Val="TRUE"/>
    </Config>
  </FileSet>
  <FileSet Name="constrs_in" Type="Constrs" RelSrcDir="$PSRCDIR/constrs_1">
    <Filter Type="Constrs"/>
    <File Path="$PSRCDIR/constrs_1/imports/new/projeConst.xdc">
      <FileInfo>
        <Attr Name="ImportPath" Val="$PPRDIR/../Final_Project_1/LowPassFilterFPGA-master/LowPassFilterFPGA-master/lpfFPGA/VivadoModel/project_2/project_2.srcs/constrs_1/imports/new/projeConst.xdc"/>
        <Attr Name="ImportTime" Val="1555962568"/>
        <Attr Name="UsedIn" Val="synthesis"/>
        <Attr Name="UsedIn" Val="implementation"/>
      </FileInfo>
    </File>
    <Config>
      <Option Name="ConstrsType" Val="XDC"/>
    </Config>
  </FileSet>
  <FileSet Name="utils" Type="Utils" RelSrcDir="$PSRCDIR/utils_1">
    <Filter Type="Utils"/>
    <Config>
      <Option Name="TopAutoSet" Val="TRUE"/>
    </Config>
  </FileSet>
  <Strategy Version="1" Minor="2">
    <StratHandle Name="Vivado Synthesis Defaults" Flow="Vivado Synthesis 2018"/>
    <Step Id="synth_design"/>
  </Strategy>
  <BlockFileSet Type="BlockSrcs" Name="xadc_wiz_0"/>
  <BlockFileSet Type="BlockSrcs" Name="fir_compiler_0"/>
  <BlockFileSet Type="BlockSrcs" Name="fir_compiler_1"/>
</GenRun>
